,school,sex,age,address,famsize,Pstatus,Medu,Fedu,Mjob,Fjob,reason,guardian,traveltime,studytime,failures,schoolsup,famsup,paid,activities,nursery,higher,internet,romantic,famrel,freetime,goout,Dalc,Walc,health,absences,G1,G2,G3
0,GP,F,18.0,U,GT3,A,4,4,at_home,teacher,course,mother,2,2,0,yes,no,no,no,yes,yes,no,no,4.0,3.0,4.0,1,1,3.0,6.0,5,6,6
1,GP,F,17.0,U,GT3,T,1,1,at_home,other,course,father,1,2,0,no,yes,no,no,no,yes,yes,no,5.0,3.0,3.0,1,1,3.0,4.0,5,5,6
2,GP,F,15.0,U,LE3,T,1,1,at_home,other,other,mother,1,2,3,yes,no,yes,no,yes,yes,yes,no,4.0,3.0,2.0,2,3,3.0,10.0,7,8,10
3,GP,F,15.0,U,GT3,T,4,2,health,services,home,mother,1,3,0,no,yes,yes,yes,yes,yes,yes,yes,3.0,2.0,2.0,1,1,5.0,2.0,15,14,15
4,GP,F,16.0,U,GT3,T,3,3,other,other,home,father,1,2,0,no,yes,yes,no,yes,yes,no,no,4.0,3.0,2.0,1,2,5.0,4.0,6,10,10
5,GP,M,16.0,U,LE3,T,4,3,services,other,reputation,mother,1,2,0,no,yes,yes,yes,yes,yes,yes,no,5.0,4.0,2.0,1,2,5.0,10.0,15,15,15
6,GP,M,16.0,U,LE3,T,2,2,other,other,home,mother,1,2,0,no,no,no,no,yes,yes,yes,no,4.0,4.0,4.0,1,1,3.0,0.0,12,12,11
7,GP,F,17.0,U,GT3,A,4,4,other,teacher,home,mother,2,2,0,yes,yes,no,no,yes,yes,no,no,4.0,1.0,4.0,1,1,1.0,6.0,6,5,6
8,GP,M,15.0,U,LE3,A,3,2,services,other,home,mother,1,2,0,no,yes,yes,no,yes,yes,yes,no,4.0,2.0,2.0,1,1,1.0,0.0,16,18,19
9,GP,M,15.0,U,GT3,T,3,4,other,other,home,mother,1,2,0,no,yes,yes,yes,yes,yes,yes,no,5.0,5.0,1.0,1,1,5.0,0.0,14,15,15
10,GP,F,15.0,U,GT3,T,4,4,teacher,health,reputation,mother,1,2,0,no,yes,yes,no,yes,yes,yes,no,3.0,3.0,3.0,1,2,2.0,0.0,10,8,9
11,GP,F,15.0,U,GT3,T,2,1,services,other,reputation,father,3,3,0,no,yes,no,yes,yes,yes,yes,no,5.0,2.0,2.0,1,1,4.0,4.0,10,12,12
12,GP,M,15.0,U,LE3,T,4,4,health,services,course,father,1,1,0,no,yes,yes,yes,yes,yes,yes,no,4.0,3.0,3.0,1,3,5.0,2.0,14,14,14
13,GP,M,15.0,U,GT3,T,4,3,teacher,other,course,mother,2,2,0,no,yes,yes,no,yes,yes,yes,no,5.0,4.0,3.0,1,2,3.0,2.0,10,10,11
14,GP,M,15.0,U,GT3,A,2,2,other,other,home,other,1,3,0,no,yes,no,no,yes,yes,yes,yes,4.0,5.0,2.0,1,1,3.0,0.0,14,16,16
15,GP,F,16.0,U,GT3,T,4,4,health,other,home,mother,1,1,0,no,yes,no,no,yes,yes,yes,no,4.0,4.0,4.0,1,2,2.0,4.0,14,14,14
16,GP,F,16.0,U,GT3,T,4,4,services,services,reputation,mother,1,3,0,no,yes,yes,yes,yes,yes,yes,no,3.0,2.0,3.0,1,2,2.0,6.0,13,14,14
17,GP,F,16.0,U,GT3,T,3,3,other,other,reputation,mother,3,2,0,yes,yes,no,yes,yes,yes,no,no,5.0,3.0,2.0,1,1,4.0,4.0,8,10,10
18,GP,M,17.0,U,GT3,T,3,2,services,services,course,mother,1,1,3,no,yes,no,yes,yes,yes,yes,no,5.0,5.0,5.0,2,4,5.0,16.0,6,5,5
19,GP,M,16.0,U,LE3,T,4,3,health,other,home,father,1,1,0,no,no,yes,yes,yes,yes,yes,no,3.0,1.0,3.0,1,3,5.0,4.0,8,10,10
20,GP,M,,U,GT3,T,4,3,teacher,other,reputation,mother,1,2,0,no,no,no,no,yes,yes,yes,no,4.0,4.0,1.0,1,1,1.0,0.0,13,14,15
21,GP,M,15.0,U,GT3,T,4,4,health,health,other,father,1,1,0,no,yes,yes,no,yes,yes,yes,no,5.0,4.0,2.0,1,1,5.0,0.0,12,15,15
22,GP,M,16.0,U,LE3,T,4,2,teacher,other,course,mother,1,2,0,no,no,no,yes,yes,yes,yes,no,4.0,5.0,1.0,1,3,5.0,2.0,15,15,16
23,GP,M,16.0,U,LE3,T,2,2,other,other,reputation,mother,2,2,0,no,yes,no,yes,yes,yes,yes,no,5.0,4.0,4.0,2,4,5.0,0.0,13,13,12
24,GP,F,15.0,R,GT3,T,2,4,services,health,course,mother,1,3,0,yes,yes,yes,yes,yes,yes,yes,no,4.0,3.0,2.0,1,1,5.0,2.0,10,9,8
25,GP,F,16.0,U,GT3,T,2,2,services,services,home,mother,1,1,2,no,yes,yes,no,no,yes,yes,no,1.0,2.0,2.0,1,3,5.0,14.0,6,9,8
26,GP,M,15.0,U,GT3,T,2,2,other,other,home,mother,1,1,0,no,yes,yes,no,yes,yes,yes,no,4.0,2.0,2.0,1,2,5.0,2.0,12,12,11
27,GP,M,15.0,U,GT3,T,4,2,health,services,other,mother,1,1,0,no,no,yes,no,yes,yes,yes,no,2.0,2.0,4.0,2,4,1.0,4.0,15,16,15
28,GP,M,16.0,U,LE3,A,3,4,services,other,home,mother,1,2,0,yes,yes,no,yes,yes,yes,yes,no,5.0,3.0,3.0,1,1,5.0,4.0,11,11,11
29,GP,M,16.0,U,GT3,T,4,4,teacher,teacher,home,mother,1,2,0,no,yes,yes,yes,yes,yes,yes,yes,4.0,4.0,5.0,5,5,5.0,16.0,10,12,11
30,GP,M,15.0,U,GT3,T,4,4,health,services,home,mother,1,2,0,no,yes,yes,no,no,yes,yes,no,5.0,4.0,2.0,3,4,5.0,0.0,9,11,12
31,GP,M,15.0,U,GT3,T,4,4,services,services,reputation,mother,2,2,0,no,yes,no,yes,yes,yes,yes,no,4.0,3.0,1.0,1,1,5.0,0.0,17,16,17
32,GP,M,15.0,R,GT3,T,4,3,teacher,at_home,course,mother,1,2,0,no,yes,no,yes,yes,yes,yes,yes,4.0,5.0,2.0,1,1,5.0,0.0,17,16,16
33,GP,M,15.0,U,LE3,T,3,3,other,other,course,mother,1,2,0,no,no,no,yes,no,yes,yes,no,5.0,3.0,2.0,1,1,2.0,0.0,8,10,12
34,GP,M,16.0,U,GT3,T,3,2,other,other,home,mother,1,1,0,no,yes,yes,no,no,yes,yes,no,5.0,4.0,3.0,1,1,5.0,0.0,12,14,15
35,GP,F,15.0,U,GT3,T,2,3,other,other,other,father,2,1,0,no,yes,no,yes,yes,yes,no,no,3.0,5.0,1.0,1,1,5.0,0.0,8,7,6
36,GP,M,15.0,U,LE3,T,4,3,teacher,services,home,mother,1,3,0,no,yes,no,yes,yes,yes,yes,no,5.0,4.0,3.0,1,1,4.0,2.0,15,16,18
37,GP,M,16.0,R,GT3,A,4,4,other,teacher,reputation,mother,2,3,0,no,yes,no,yes,yes,yes,yes,yes,2.0,4.0,3.0,1,1,5.0,7.0,15,16,15
38,GP,F,15.0,R,GT3,T,3,4,services,health,course,mother,1,3,0,yes,yes,yes,yes,yes,yes,yes,no,4.0,3.0,2.0,1,1,5.0,2.0,12,12,11
39,GP,F,15.0,R,GT3,T,2,2,at_home,other,reputation,mother,1,1,0,yes,yes,yes,yes,yes,yes,no,no,4.0,3.0,1.0,1,1,2.0,8.0,14,13,13
40,GP,F,16.0,U,LE3,T,2,2,other,other,home,mother,2,2,1,no,yes,no,yes,no,yes,yes,yes,3.0,3.0,3.0,1,2,3.0,25.0,7,10,11
41,GP,M,15.0,U,LE3,T,4,4,teacher,other,home,other,1,1,0,no,yes,no,no,no,yes,yes,yes,5.0,4.0,3.0,2,4,5.0,8.0,12,12,12
42,GP,M,15.0,U,GT3,T,4,4,services,teacher,course,father,1,2,0,no,yes,no,yes,yes,yes,yes,no,4.0,3.0,3.0,1,1,5.0,2.0,19,18,18
43,GP,M,15.0,U,GT3,T,2,2,services,services,course,father,1,1,0,yes,yes,no,no,yes,yes,yes,no,5.0,4.0,1.0,1,1,1.0,0.0,8,8,11
44,GP,F,16.0,U,LE3,T,2,2,other,at_home,course,father,2,2,1,yes,no,no,yes,yes,yes,yes,no,4.0,3.0,3.0,2,2,5.0,14.0,10,10,9
45,GP,F,15.0,U,LE3,A,4,3,other,other,course,mother,1,2,0,yes,yes,yes,yes,yes,yes,yes,yes,5.0,2.0,2.0,1,1,5.0,8.0,8,8,6
46,GP,F,16.0,U,LE3,A,3,3,other,services,home,mother,1,2,0,no,yes,no,no,yes,yes,yes,no,2.0,3.0,5.0,1,4,3.0,12.0,11,12,11
47,GP,M,16.0,U,GT3,T,4,3,health,services,reputation,mother,1,4,0,no,no,no,yes,yes,yes,yes,no,4.0,2.0,2.0,1,1,2.0,4.0,19,19,20
48,GP,M,15.0,U,GT3,T,4,2,teacher,other,home,mother,1,2,0,no,yes,yes,no,yes,yes,no,no,4.0,3.0,3.0,2,2,5.0,2.0,15,15,14
49,GP,F,15.0,U,GT3,T,4,4,services,teacher,other,father,1,2,1,yes,yes,no,yes,no,yes,yes,no,4.0,4.0,4.0,1,1,3.0,2.0,7,7,7
50,GP,F,16.0,U,LE3,T,2,2,services,services,course,mother,3,2,0,no,yes,yes,no,yes,yes,yes,no,4.0,3.0,3.0,2,3,4.0,2.0,12,13,13
51,GP,F,15.0,U,LE3,T,4,2,health,other,other,mother,1,2,0,no,yes,yes,no,yes,yes,yes,no,4.0,3.0,3.0,1,1,5.0,2.0,11,13,13
52,GP,M,15.0,U,LE3,A,4,2,health,health,other,father,2,1,1,no,no,no,no,yes,yes,no,no,5.0,5.0,5.0,3,4,5.0,6.0,11,11,10
53,GP,F,15.0,U,GT3,T,4,4,services,services,course,mother,1,1,0,yes,yes,yes,no,yes,yes,yes,no,3.0,3.0,4.0,2,3,5.0,0.0,8,10,11
54,GP,F,15.0,U,LE3,A,3,3,other,other,other,mother,1,1,0,no,no,yes,no,yes,yes,yes,no,5.0,3.0,4.0,4,4,1.0,6.0,10,13,13
55,GP,F,16.0,U,GT3,A,2,1,other,other,other,mother,1,2,0,no,no,yes,yes,yes,yes,yes,yes,5.0,3.0,4.0,1,1,2.0,8.0,8,9,10
56,GP,F,15.0,U,GT3,A,4,3,services,services,reputation,mother,1,2,0,no,yes,yes,yes,yes,yes,yes,no,4.0,3.0,2.0,1,1,1.0,0.0,14,15,15
57,GP,M,15.0,U,GT3,T,4,4,teacher,health,reputation,mother,1,2,0,no,yes,no,yes,yes,yes,no,no,3.0,2.0,2.0,1,1,5.0,4.0,14,15,15
58,GP,M,15.0,U,LE3,T,1,2,other,at_home,home,father,1,2,0,yes,yes,no,yes,yes,yes,yes,no,4.0,3.0,2.0,1,1,5.0,2.0,9,10,9
59,GP,F,16.0,U,GT3,T,4,2,services,other,course,mother,1,2,0,no,yes,no,no,yes,yes,yes,no,4.0,2.0,3.0,1,1,5.0,2.0,15,16,16
60,GP,F,16.0,R,GT3,T,4,4,health,teacher,other,mother,1,2,0,no,yes,no,yes,yes,yes,no,no,2.0,4.0,4.0,2,3,4.0,6.0,10,11,11
61,GP,F,16.0,U,GT3,T,1,1,services,services,course,father,4,1,0,yes,yes,no,yes,no,yes,yes,yes,5.0,5.0,5.0,5,5,5.0,6.0,10,8,11
62,GP,F,16.0,U,LE3,T,1,2,other,services,reputation,father,1,2,0,yes,no,no,yes,yes,yes,yes,no,4.0,4.0,3.0,1,1,1.0,4.0,8,10,9
63,GP,F,16.0,U,GT3,T,4,3,teacher,health,home,mother,1,3,0,yes,yes,yes,yes,yes,yes,yes,no,3.0,4.0,4.0,2,4,4.0,2.0,10,9,9
64,GP,F,15.0,U,LE3,T,4,3,services,services,reputation,father,1,2,0,yes,no,no,yes,yes,yes,yes,yes,4.0,4.0,4.0,2,4,2.0,0.0,10,10,10
65,GP,F,16.0,U,LE3,T,4,3,teacher,services,course,mother,3,2,0,no,yes,no,yes,yes,yes,yes,no,5.0,4.0,3.0,1,2,1.0,2.0,16,15,15
66,GP,M,15.0,U,GT3,A,4,4,other,services,reputation,mother,1,4,0,no,yes,no,yes,no,yes,yes,yes,1.0,3.0,3.0,5,5,3.0,4.0,13,13,12
67,GP,F,16.0,U,GT3,T,3,1,services,other,course,mother,1,4,0,yes,yes,yes,no,yes,yes,yes,no,4.0,3.0,3.0,1,2,5.0,4.0,7,7,6
68,GP,F,15.0,R,LE3,T,2,2,health,services,reputation,mother,2,2,0,yes,yes,yes,no,yes,yes,yes,no,4.0,1.0,3.0,1,3,4.0,2.0,8,9,8
69,GP,F,15.0,R,LE3,T,3,1,other,other,reputation,father,2,4,0,no,yes,no,no,no,yes,yes,no,4.0,4.0,2.0,2,3,3.0,12.0,16,16,16
70,GP,M,16.0,U,GT3,T,3,1,other,other,reputation,father,2,4,0,no,yes,yes,no,yes,yes,yes,no,4.0,3.0,2.0,1,1,5.0,0.0,13,15,15
71,GP,M,,U,GT3,T,4,2,other,other,course,mother,1,4,0,no,no,no,no,yes,yes,yes,no,3.0,3.0,3.0,1,1,3.0,0.0,10,10,10
72,GP,F,15.0,R,GT3,T,1,1,other,other,reputation,mother,1,2,2,yes,yes,no,no,no,yes,yes,yes,3.0,3.0,4.0,2,4,5.0,2.0,8,6,5
73,GP,M,16.0,U,GT3,T,3,1,other,other,reputation,mother,1,1,0,no,no,no,yes,yes,yes,no,no,5.0,3.0,2.0,2,2,5.0,2.0,12,12,14
74,GP,F,16.0,U,GT3,T,3,3,other,services,home,mother,1,2,0,yes,yes,yes,yes,yes,yes,yes,no,4.0,3.0,3.0,2,4,5.0,54.0,11,12,11
75,GP,M,15.0,U,GT3,T,4,3,teacher,other,home,mother,1,2,0,no,yes,yes,yes,yes,yes,yes,no,4.0,3.0,3.0,2,3,5.0,6.0,9,9,10
76,GP,M,15.0,U,GT3,T,4,0,teacher,other,course,mother,2,4,0,no,no,no,yes,yes,yes,yes,no,3.0,4.0,3.0,1,1,1.0,8.0,11,11,10
77,GP,F,16.0,U,GT3,T,2,2,other,other,reputation,mother,1,4,0,no,no,yes,no,yes,yes,yes,yes,5.0,2.0,3.0,1,3,3.0,0.0,11,11,11
78,GP,M,17.0,U,GT3,T,2,1,other,other,home,mother,2,1,3,yes,yes,no,yes,yes,no,yes,no,4.0,5.0,1.0,1,1,3.0,2.0,8,8,10
79,GP,F,16.0,U,GT3,T,3,4,at_home,other,course,mother,1,2,0,no,yes,no,no,yes,yes,yes,no,2.0,4.0,3.0,1,2,3.0,12.0,5,5,5
80,GP,M,15.0,U,GT3,T,2,3,other,services,course,father,1,1,0,yes,yes,yes,yes,no,yes,yes,yes,3.0,2.0,2.0,1,3,3.0,2.0,10,12,12
81,GP,M,15.0,U,GT3,T,2,3,other,other,home,mother,1,3,0,yes,no,yes,no,no,yes,yes,no,5.0,3.0,2.0,1,2,5.0,4.0,11,10,11
82,GP,F,15.0,U,LE3,T,3,2,services,other,reputation,mother,1,2,0,no,yes,yes,no,yes,yes,yes,no,4.0,4.0,4.0,1,1,5.0,10.0,7,6,6
83,GP,M,15.0,U,LE3,T,2,2,services,services,home,mother,2,2,0,no,no,yes,yes,yes,yes,yes,no,5.0,3.0,3.0,1,3,4.0,4.0,15,15,15
84,GP,F,15.0,U,GT3,T,1,1,other,other,home,father,1,2,0,no,yes,no,yes,no,yes,yes,no,4.0,3.0,2.0,2,3,4.0,2.0,9,10,10
85,GP,F,15.0,U,GT3,T,4,4,services,services,reputation,father,2,2,2,no,no,yes,no,yes,yes,yes,yes,4.0,4.0,4.0,2,3,5.0,6.0,7,9,8
86,GP,F,16.0,U,LE3,T,2,2,at_home,other,course,mother,1,2,0,no,yes,no,no,yes,yes,no,no,4.0,3.0,4.0,1,2,2.0,4.0,8,7,6
87,GP,F,15.0,U,GT3,T,4,2,other,other,reputation,mother,1,3,0,no,yes,no,yes,yes,yes,yes,no,5.0,,3.0,1,3,1.0,4.0,13,14,14
88,GP,M,16.0,U,GT3,T,2,2,services,other,reputation,father,2,2,1,no,no,yes,yes,no,yes,yes,no,4.0,4.0,2.0,1,1,3.0,12.0,11,10,10
89,GP,M,16.0,U,LE3,A,4,4,teacher,health,reputation,mother,1,2,0,no,yes,no,no,yes,yes,no,no,4.0,1.0,3.0,3,5,5.0,18.0,8,6,7
90,GP,F,16.0,U,GT3,T,3,3,other,other,home,mother,1,3,0,no,yes,yes,no,yes,yes,yes,yes,4.0,3.0,3.0,1,3,4.0,0.0,7,7,8
91,GP,F,15.0,U,GT3,T,4,3,services,other,reputation,mother,1,1,0,no,no,yes,yes,yes,yes,yes,no,4.0,5.0,5.0,1,3,1.0,4.0,16,17,18
92,GP,F,16.0,U,LE3,T,3,1,other,other,home,father,1,2,0,yes,yes,no,no,yes,yes,no,no,3.0,3.0,3.0,2,3,2.0,4.0,7,6,6
93,GP,F,16.0,U,GT3,T,4,2,teacher,services,home,mother,2,2,0,no,yes,yes,yes,yes,yes,yes,no,5.0,3.0,3.0,1,1,1.0,0.0,11,10,10
94,GP,M,15.0,U,LE3,T,2,2,services,health,reputation,mother,1,4,0,no,yes,no,yes,yes,yes,yes,no,4.0,3.0,4.0,1,1,4.0,6.0,11,13,14
95,GP,F,15.0,R,GT3,T,1,1,at_home,other,home,mother,2,4,1,yes,yes,yes,yes,yes,yes,yes,no,3.0,1.0,2.0,1,1,1.0,2.0,7,10,10
96,GP,M,16.0,R,GT3,T,4,3,services,other,reputation,mother,2,1,0,yes,yes,no,yes,no,yes,yes,no,3.0,3.0,3.0,1,1,4.0,2.0,11,15,15
97,GP,F,16.0,U,GT3,T,2,1,other,other,course,mother,1,2,0,no,yes,yes,no,yes,yes,no,yes,4.0,3.0,5.0,1,1,5.0,2.0,8,9,10
98,GP,F,16.0,U,GT3,T,4,4,other,other,reputation,mother,1,1,0,no,no,no,yes,no,yes,yes,no,5.0,3.0,4.0,1,2,1.0,6.0,11,14,14
99,GP,F,16.0,U,GT3,T,4,3,other,at_home,course,mother,1,3,0,yes,yes,yes,no,yes,yes,yes,no,5.0,,5.0,1,1,3.0,0.0,7,9,8
100,GP,M,16.0,U,GT3,T,4,4,services,services,other,mother,1,1,0,yes,yes,yes,yes,yes,yes,yes,no,4.0,5.0,5.0,5,5,4.0,14.0,7,7,5
101,GP,M,16.0,U,GT3,T,4,4,services,teacher,other,father,1,3,0,no,yes,no,yes,yes,yes,yes,yes,4.0,4.0,3.0,1,1,4.0,0.0,16,17,17
102,GP,M,,U,GT3,T,4,4,services,other,course,mother,1,1,0,no,yes,no,yes,no,yes,yes,no,5.0,3.0,3.0,1,1,5.0,4.0,10,13,14
103,GP,F,15.0,U,GT3,T,3,2,services,other,home,mother,2,2,0,yes,yes,yes,no,yes,yes,yes,no,4.0,3.0,5.0,1,1,2.0,26.0,7,6,6
104,GP,M,15.0,U,GT3,A,3,4,services,other,course,mother,1,2,0,no,yes,yes,yes,yes,yes,yes,no,5.0,4.0,4.0,1,1,1.0,0.0,16,18,18
105,GP,F,15.0,U,GT3,A,3,3,other,health,reputation,father,1,4,0,yes,no,no,no,yes,yes,no,no,4.0,3.0,3.0,1,1,4.0,10.0,10,11,11
106,GP,F,,U,GT3,T,2,2,other,other,course,mother,1,4,0,yes,yes,yes,no,yes,yes,yes,no,5.0,1.0,2.0,1,1,3.0,8.0,7,8,8
107,GP,M,16.0,U,GT3,T,3,3,services,other,home,father,1,3,0,no,yes,no,yes,yes,yes,yes,no,5.0,3.0,3.0,1,1,5.0,2.0,16,18,18
108,GP,M,15.0,R,GT3,T,4,4,other,other,home,father,4,4,0,no,yes,yes,yes,yes,yes,yes,yes,1.0,3.0,5.0,3,5,1.0,6.0,10,13,13
109,GP,F,16.0,U,LE3,T,4,4,health,health,other,mother,1,3,0,no,yes,yes,yes,yes,yes,yes,yes,5.0,4.0,5.0,1,1,4.0,4.0,14,15,16
110,GP,M,15.0,U,LE3,A,4,4,teacher,teacher,course,mother,1,1,0,no,no,no,yes,yes,yes,yes,no,5.0,5.0,3.0,1,1,4.0,6.0,18,19,19
111,GP,F,16.0,R,GT3,T,3,3,services,other,reputation,father,1,3,1,yes,yes,no,yes,yes,yes,yes,no,4.0,1.0,2.0,1,1,2.0,0.0,7,10,10
112,GP,F,16.0,U,GT3,T,2,2,at_home,other,home,mother,1,2,1,yes,no,no,yes,yes,yes,yes,no,3.0,1.0,2.0,1,1,5.0,6.0,10,13,13
113,GP,M,15.0,U,LE3,T,4,2,teacher,other,course,mother,1,1,0,no,no,no,no,yes,yes,yes,no,3.0,5.0,2.0,1,1,3.0,10.0,18,19,19
114,GP,M,15.0,R,GT3,T,2,1,health,services,reputation,mother,1,2,0,no,no,no,yes,yes,yes,yes,yes,5.0,4.0,2.0,1,1,5.0,8.0,9,9,9
115,GP,M,16.0,U,GT3,T,4,4,teacher,teacher,course,father,1,2,0,no,yes,no,yes,yes,yes,yes,no,5.0,4.0,4.0,1,2,5.0,2.0,15,15,16
116,GP,M,15.0,U,GT3,T,4,4,other,teacher,reputation,father,2,2,0,no,yes,no,yes,yes,yes,no,no,4.0,4.0,3.0,1,1,2.0,2.0,11,13,14
117,GP,M,16.0,U,GT3,T,3,3,other,services,home,father,2,1,0,no,no,no,yes,yes,yes,yes,no,5.0,4.0,2.0,1,1,5.0,0.0,13,14,13
118,GP,M,17.0,R,GT3,T,1,3,other,other,course,father,3,2,1,no,yes,no,yes,yes,yes,yes,no,5.0,2.0,4.0,1,4,5.0,20.0,9,7,8
119,GP,M,15.0,U,GT3,T,3,4,other,other,reputation,father,1,1,0,no,no,no,no,yes,yes,yes,no,3.0,4.0,3.0,1,2,4.0,6.0,14,13,13
120,GP,F,15.0,U,GT3,T,1,2,at_home,services,course,mother,1,2,0,no,no,no,no,no,yes,yes,no,3.0,2.0,3.0,1,2,1.0,2.0,16,15,15
121,GP,M,,U,GT3,T,2,2,services,services,home,father,1,4,0,no,yes,yes,yes,yes,yes,yes,no,5.0,5.0,4.0,1,2,5.0,6.0,16,14,15
122,GP,F,16.0,U,LE3,T,2,4,other,health,course,father,2,2,0,no,yes,yes,yes,yes,yes,yes,yes,4.0,2.0,2.0,1,2,5.0,2.0,13,13,13
123,GP,M,16.0,U,GT3,T,4,4,health,other,course,mother,1,1,0,no,yes,no,yes,yes,yes,yes,no,3.0,4.0,4.0,1,4,5.0,18.0,14,11,13
124,GP,F,16.0,U,GT3,T,2,2,other,other,home,mother,1,2,0,no,no,yes,no,yes,yes,yes,yes,5.0,4.0,4.0,1,1,5.0,0.0,8,7,8
125,GP,M,15.0,U,GT3,T,3,4,services,services,home,father,1,1,0,yes,no,no,no,yes,yes,yes,no,5.0,5.0,5.0,3,2,5.0,0.0,13,13,12
126,GP,F,15.0,U,LE3,A,3,4,other,other,home,mother,1,2,0,yes,no,no,yes,yes,yes,yes,yes,5.0,3.0,2.0,1,1,1.0,0.0,7,10,11
127,GP,F,19.0,U,GT3,T,0,1,at_home,other,course,other,1,2,3,no,yes,no,no,no,no,no,no,3.0,4.0,2.0,1,1,5.0,2.0,7,8,9
128,GP,M,18.0,R,GT3,T,2,2,services,other,reputation,mother,1,1,2,no,yes,no,yes,yes,yes,yes,no,3.0,3.0,3.0,1,2,4.0,0.0,7,4,0
129,GP,M,16.0,R,GT3,T,4,4,teacher,teacher,course,mother,1,1,0,no,no,yes,yes,yes,yes,yes,no,3.0,5.0,5.0,2,5,4.0,8.0,18,18,18
130,GP,F,15.0,R,GT3,T,3,4,services,teacher,course,father,2,3,2,no,yes,no,no,yes,yes,yes,yes,4.0,,2.0,2,2,5.0,0.0,12,0,0
131,GP,F,15.0,U,GT3,T,1,1,at_home,other,course,mother,3,1,0,no,yes,no,yes,no,yes,yes,yes,4.0,3.0,3.0,1,2,4.0,0.0,8,0,0
132,GP,F,17.0,U,LE3,T,2,2,other,other,course,father,1,1,0,no,yes,no,no,yes,yes,yes,yes,3.0,4.0,4.0,1,3,5.0,12.0,10,13,12
133,GP,F,16.0,U,GT3,A,3,4,services,other,course,father,1,1,0,no,no,no,no,yes,yes,yes,no,3.0,2.0,1.0,1,4,5.0,16.0,12,11,11
134,GP,M,15.0,R,GT3,T,3,4,at_home,teacher,course,mother,4,2,0,no,yes,no,no,yes,yes,no,yes,5.0,3.0,3.0,1,1,5.0,0.0,9,0,0
135,GP,F,15.0,U,GT3,T,4,4,services,at_home,course,mother,1,3,0,no,yes,no,yes,yes,yes,yes,yes,4.0,3.0,3.0,1,1,5.0,0.0,11,0,0
136,GP,M,17.0,R,GT3,T,3,4,at_home,other,course,mother,3,2,0,no,no,no,no,yes,yes,no,no,5.0,4.0,5.0,2,4,5.0,0.0,10,0,0
137,GP,F,16.0,U,GT3,A,3,3,other,other,course,other,2,1,2,no,yes,no,yes,no,yes,yes,yes,4.0,3.0,2.0,1,1,5.0,0.0,4,0,0
138,GP,M,16.0,U,LE3,T,1,1,services,other,course,mother,1,2,1,no,no,no,no,yes,yes,no,yes,4.0,4.0,4.0,1,3,5.0,0.0,14,12,12
139,GP,F,15.0,U,GT3,T,4,4,teacher,teacher,course,mother,2,1,0,no,no,no,yes,yes,yes,yes,no,4.0,3.0,2.0,1,1,5.0,0.0,16,16,15
140,GP,M,15.0,U,GT3,T,4,3,teacher,services,course,father,2,4,0,yes,yes,no,no,yes,yes,yes,no,2.0,2.0,2.0,1,1,3.0,0.0,7,9,0
141,GP,M,16.0,U,LE3,T,2,2,services,services,reputation,father,2,1,2,no,yes,no,yes,yes,yes,yes,no,2.0,3.0,3.0,2,2,2.0,8.0,9,9,9
142,GP,F,15.0,U,GT3,T,4,4,teacher,services,course,mother,1,3,0,no,yes,yes,yes,yes,yes,yes,no,4.0,2.0,2.0,1,1,5.0,2.0,9,11,11
143,GP,F,16.0,U,LE3,T,1,1,at_home,at_home,course,mother,1,1,0,no,no,no,no,yes,yes,yes,no,3.0,4.0,4.0,3,3,1.0,2.0,14,14,13
144,GP,M,17.0,U,GT3,T,2,1,other,other,home,mother,1,1,3,no,yes,no,no,yes,yes,yes,no,5.0,4.0,5.0,1,2,5.0,0.0,5,0,0
145,GP,F,15.0,U,GT3,T,1,1,other,services,course,father,1,2,0,no,yes,yes,no,yes,yes,yes,no,4.0,4.0,2.0,1,2,5.0,0.0,8,11,11
146,GP,F,15.0,U,GT3,T,3,2,health,services,home,father,1,2,3,no,yes,no,no,yes,yes,yes,no,3.0,3.0,2.0,1,1,3.0,0.0,6,7,0
147,GP,F,15.0,U,GT3,T,1,2,at_home,other,course,mother,1,2,0,no,yes,yes,no,no,yes,yes,no,4.0,3.0,2.0,1,1,5.0,2.0,10,11,11
148,GP,M,16.0,U,GT3,T,4,4,teacher,teacher,course,mother,1,1,0,no,yes,no,no,yes,no,yes,yes,3.0,3.0,2.0,2,1,5.0,0.0,7,6,0
149,GP,M,15.0,U,LE3,A,2,1,services,other,course,mother,4,1,3,no,no,no,no,yes,yes,yes,no,4.0,,5.0,2,5,5.0,0.0,8,9,10
150,GP,M,18.0,U,LE3,T,1,1,other,other,course,mother,1,1,3,no,no,no,no,yes,no,yes,yes,2.0,3.0,5.0,2,5,4.0,0.0,6,5,0
151,GP,M,16.0,U,LE3,T,2,1,at_home,other,course,mother,1,1,1,no,no,no,yes,yes,yes,no,yes,4.0,,4.0,3,5,5.0,6.0,12,13,14
152,GP,F,15.0,R,GT3,T,3,3,services,services,reputation,other,2,3,2,no,yes,yes,yes,yes,yes,yes,yes,4.0,2.0,1.0,2,3,3.0,8.0,10,10,10
153,GP,M,19.0,U,GT3,T,3,2,services,at_home,home,mother,1,1,3,no,yes,no,no,yes,no,yes,yes,4.0,5.0,4.0,1,1,4.0,0.0,5,0,0
154,GP,F,17.0,U,GT3,T,4,4,other,teacher,course,mother,1,1,0,yes,yes,no,no,yes,yes,no,yes,4.0,2.0,1.0,1,1,4.0,0.0,11,11,12
155,GP,M,15.0,R,GT3,T,2,3,at_home,services,course,mother,1,2,0,yes,no,yes,yes,yes,yes,no,no,4.0,4.0,4.0,1,1,1.0,2.0,11,8,8
156,GP,M,17.0,R,LE3,T,1,2,other,other,reputation,mother,1,1,0,no,no,no,no,yes,yes,no,no,2.0,2.0,2.0,3,3,5.0,8.0,16,12,13
157,GP,F,18.0,R,GT3,T,1,1,at_home,other,course,mother,3,1,3,no,yes,no,yes,no,yes,no,no,5.0,2.0,5.0,1,5,4.0,6.0,9,8,10
158,GP,M,16.0,R,GT3,T,2,2,at_home,other,course,mother,3,1,0,no,no,no,no,no,yes,no,no,4.0,2.0,2.0,1,2,3.0,2.0,17,15,15
159,GP,M,16.0,U,GT3,T,3,3,other,services,course,father,1,2,1,no,yes,yes,no,yes,yes,yes,yes,4.0,5.0,5.0,4,4,5.0,4.0,10,12,12
160,GP,M,,,LE3,T,2,1,at_home,other,course,mother,2,1,2,no,no,no,yes,yes,no,yes,yes,,,,2,2,,,7,6,0
161,GP,M,15.0,R,GT3,T,3,2,other,other,course,mother,2,2,2,yes,yes,no,no,yes,yes,yes,yes,4.0,4.0,4.0,1,4,3.0,6.0,5,9,7
162,GP,M,16.0,U,LE3,T,1,2,other,other,course,mother,2,1,1,no,no,no,yes,yes,yes,no,no,4.0,4.0,4.0,2,4,5.0,0.0,7,0,0
163,GP,M,17.0,U,GT3,T,1,3,at_home,services,course,father,1,1,0,no,no,no,no,yes,no,yes,no,5.0,3.0,3.0,1,4,2.0,2.0,10,10,10
164,GP,M,17.0,R,LE3,T,1,1,other,services,course,mother,4,2,3,no,no,no,yes,yes,no,no,yes,5.0,3.0,5.0,1,5,5.0,0.0,5,8,7
165,GP,M,16.0,U,GT3,T,3,2,services,services,course,mother,2,1,1,no,yes,no,yes,no,no,no,no,4.0,5.0,2.0,1,1,2.0,16.0,12,11,12
166,GP,M,16.0,U,GT3,T,2,2,other,other,course,father,1,2,0,no,no,no,no,yes,no,yes,no,4.0,3.0,5.0,2,4,4.0,4.0,10,10,10
167,GP,F,16.0,U,GT3,T,4,2,health,services,home,father,1,2,0,no,no,yes,no,yes,yes,yes,yes,4.0,2.0,3.0,1,1,3.0,0.0,14,15,16
168,GP,F,16.0,U,GT3,T,2,2,other,other,home,mother,1,2,0,no,yes,yes,no,no,yes,yes,no,5.0,1.0,5.0,1,1,4.0,0.0,6,7,0
169,GP,F,16.0,U,GT3,T,4,4,health,health,reputation,mother,1,2,0,no,yes,yes,no,yes,yes,yes,yes,4.0,4.0,2.0,1,1,3.0,0.0,14,14,14
170,GP,M,16.0,U,GT3,T,3,4,other,other,course,father,3,1,2,no,yes,no,yes,no,yes,yes,no,3.0,4.0,5.0,2,4,2.0,0.0,6,5,0
171,GP,M,16.0,U,GT3,T,1,0,other,other,reputation,mother,2,2,0,no,yes,yes,yes,yes,yes,yes,yes,4.0,3.0,2.0,1,1,3.0,2.0,13,15,16
172,GP,M,17.0,U,LE3,T,4,4,teacher,other,reputation,mother,1,2,0,no,yes,yes,yes,yes,yes,yes,no,4.0,4.0,4.0,1,3,5.0,0.0,13,11,10
173,GP,F,16.0,U,GT3,T,1,3,at_home,services,home,mother,1,2,3,no,no,no,yes,no,yes,yes,yes,4.0,3.0,5.0,1,1,3.0,0.0,8,7,0
174,GP,F,16.0,U,LE3,T,3,3,other,other,reputation,mother,2,2,0,no,yes,yes,yes,yes,yes,yes,no,4.0,4.0,5.0,1,1,4.0,4.0,10,11,9
175,GP,M,17.0,U,LE3,T,4,3,teacher,other,course,mother,2,2,0,no,no,yes,yes,yes,yes,yes,no,4.0,4.0,4.0,4,4,4.0,4.0,10,9,9
176,GP,F,16.0,U,GT3,T,2,2,services,other,reputation,mother,2,2,0,no,no,yes,yes,no,yes,yes,no,3.0,4.0,4.0,1,4,5.0,2.0,13,13,11
177,GP,M,17.0,U,GT3,T,3,3,other,other,reputation,father,1,2,0,no,no,no,yes,no,yes,yes,no,4.0,3.0,4.0,1,4,4.0,4.0,6,5,6
178,GP,M,16.0,R,GT3,T,4,2,teacher,services,other,mother,1,1,0,no,yes,no,yes,yes,yes,yes,yes,4.0,3.0,3.0,3,4,3.0,10.0,10,8,9
179,GP,M,17.0,U,GT3,T,4,3,other,other,course,mother,1,2,0,no,yes,no,yes,yes,yes,yes,yes,5.0,2.0,3.0,1,1,2.0,4.0,10,10,11
180,GP,M,16.0,U,GT3,T,4,3,teacher,other,home,mother,1,2,0,no,yes,yes,yes,yes,yes,yes,no,3.0,4.0,3.0,2,3,3.0,10.0,9,8,8
181,GP,M,16.0,U,GT3,T,3,3,services,other,home,mother,1,2,0,no,no,yes,yes,yes,yes,yes,yes,4.0,2.0,3.0,1,2,3.0,2.0,12,13,12
182,GP,F,17.0,U,GT3,T,2,4,services,services,reputation,father,1,2,0,no,yes,no,yes,yes,yes,no,no,5.0,4.0,2.0,2,3,5.0,0.0,16,17,17
183,GP,F,17.0,U,LE3,T,3,3,other,other,reputation,mother,1,2,0,no,yes,no,yes,yes,yes,yes,yes,5.0,3.0,3.0,2,3,1.0,56.0,9,9,8
184,GP,F,16.0,U,GT3,T,3,2,other,other,reputation,mother,1,2,0,no,yes,yes,no,yes,yes,yes,no,1.0,2.0,2.0,1,2,1.0,14.0,12,13,12
185,GP,M,17.0,U,GT3,T,3,3,services,services,other,mother,1,2,0,no,yes,no,yes,yes,yes,yes,yes,4.0,3.0,4.0,2,3,4.0,12.0,12,12,11
186,GP,M,16.0,U,GT3,T,1,2,services,services,other,mother,1,1,0,no,yes,yes,yes,yes,yes,yes,yes,3.0,3.0,3.0,1,2,3.0,2.0,11,12,11
187,GP,M,16.0,U,LE3,T,2,1,other,other,course,mother,1,2,0,no,no,yes,yes,yes,yes,yes,yes,4.0,2.0,3.0,1,2,5.0,0.0,15,15,15
188,GP,F,,U,GT3,A,3,3,health,other,reputation,mother,1,2,0,no,yes,no,no,no,yes,yes,yes,3.0,3.0,3.0,1,3,3.0,6.0,8,7,9
189,GP,M,17.0,R,GT3,T,1,2,at_home,other,home,mother,1,2,0,no,no,no,no,yes,yes,no,no,3.0,1.0,3.0,1,5,3.0,4.0,8,9,10
190,GP,F,16.0,U,GT3,T,2,3,services,services,course,mother,1,2,0,no,no,no,no,yes,yes,yes,no,4.0,3.0,3.0,1,1,2.0,10.0,11,12,13
191,GP,F,,,GT3,T,1,1,at_home,services,course,mother,1,2,0,no,no,no,yes,yes,yes,yes,no,,,,1,1,,,8,8,9
192,GP,M,17.0,U,GT3,T,1,2,at_home,services,other,other,2,2,0,no,no,yes,yes,no,yes,yes,no,4.0,4.0,4.0,4,5,5.0,12.0,7,8,8
193,GP,M,16.0,R,GT3,T,3,3,services,services,reputation,mother,1,1,0,no,yes,no,yes,yes,yes,yes,no,4.0,3.0,2.0,3,4,5.0,8.0,8,9,10
194,GP,M,16.0,U,GT3,T,2,3,other,other,home,father,2,1,0,no,no,no,no,yes,yes,yes,no,5.0,3.0,3.0,1,1,3.0,0.0,13,14,14
195,GP,F,17.0,U,LE3,T,2,4,services,services,course,father,1,2,0,no,no,no,yes,yes,yes,yes,yes,4.0,3.0,2.0,1,1,5.0,0.0,14,15,15
196,GP,M,17.0,U,GT3,T,4,4,services,teacher,home,mother,1,1,0,no,no,no,no,yes,yes,yes,no,5.0,2.0,3.0,1,2,5.0,4.0,17,15,16
197,GP,M,16.0,R,LE3,T,3,3,teacher,other,home,father,3,1,0,no,yes,yes,yes,yes,yes,yes,no,3.0,3.0,4.0,3,5,3.0,8.0,9,9,10
198,GP,F,17.0,U,GT3,T,4,4,services,teacher,home,mother,2,1,1,no,yes,no,no,yes,yes,yes,no,4.0,2.0,4.0,2,3,2.0,24.0,18,18,18
199,GP,F,16.0,U,LE3,T,4,4,teacher,teacher,reputation,mother,1,2,0,no,yes,yes,no,yes,yes,yes,no,4.0,5.0,2.0,1,2,3.0,0.0,9,9,10
200,GP,F,16.0,U,GT3,T,4,3,health,other,home,mother,1,2,0,no,yes,no,yes,yes,yes,yes,no,4.0,3.0,5.0,1,5,2.0,2.0,16,16,16
201,GP,F,16.0,U,GT3,T,2,3,other,other,reputation,mother,1,2,0,yes,yes,yes,yes,yes,yes,no,no,4.0,4.0,3.0,1,3,4.0,6.0,8,10,10
202,GP,F,17.0,U,GT3,T,1,1,other,other,course,mother,1,2,0,no,yes,yes,no,no,yes,no,no,4.0,4.0,4.0,1,3,1.0,4.0,9,9,10
203,GP,F,17.0,R,GT3,T,2,2,other,other,reputation,mother,1,1,0,no,yes,no,no,yes,yes,yes,no,5.0,3.0,2.0,1,2,3.0,18.0,7,6,6
204,GP,F,16.0,R,GT3,T,2,2,services,services,reputation,mother,2,4,0,no,yes,yes,yes,no,yes,yes,no,5.0,3.0,5.0,1,1,5.0,6.0,10,10,11
205,GP,F,17.0,U,GT3,T,3,4,at_home,services,home,mother,1,3,1,no,yes,yes,no,yes,yes,yes,yes,4.0,4.0,3.0,3,4,5.0,28.0,10,9,9
206,GP,F,16.0,U,GT3,A,3,1,services,other,course,mother,1,2,3,no,yes,yes,no,yes,yes,yes,no,2.0,3.0,3.0,2,2,4.0,5.0,7,7,7
207,GP,F,16.0,U,GT3,T,4,3,teacher,other,other,mother,1,2,0,no,no,yes,yes,yes,yes,yes,yes,1.0,3.0,2.0,1,1,1.0,10.0,11,12,13
208,GP,F,16.0,U,GT3,T,1,1,at_home,other,home,mother,2,1,0,no,yes,yes,no,yes,yes,no,no,4.0,3.0,2.0,1,4,5.0,6.0,9,9,10
209,GP,F,17.0,R,GT3,T,4,3,teacher,other,reputation,mother,2,3,0,no,yes,yes,yes,yes,yes,yes,yes,4.0,4.0,2.0,1,1,4.0,6.0,7,7,7
210,GP,F,19.0,U,GT3,T,3,3,other,other,reputation,other,1,4,0,no,yes,yes,yes,yes,yes,yes,no,4.0,3.0,3.0,1,2,3.0,10.0,8,8,8
211,GP,M,17.0,U,LE3,T,4,4,services,other,home,mother,1,2,0,no,yes,yes,no,yes,yes,yes,yes,5.0,3.0,5.0,4,5,3.0,13.0,12,12,13
212,GP,F,16.0,U,GT3,A,2,2,other,other,reputation,mother,1,2,0,yes,yes,yes,no,yes,yes,yes,no,3.0,3.0,4.0,1,1,4.0,0.0,12,13,14
213,GP,M,18.0,U,GT3,T,2,2,services,other,home,mother,1,2,1,no,yes,yes,yes,yes,yes,yes,no,4.0,4.0,4.0,2,4,5.0,15.0,6,7,8
214,GP,F,,R,LE3,T,4,4,services,other,other,mother,1,1,0,no,yes,yes,no,yes,yes,no,no,5.0,2.0,1.0,1,2,3.0,12.0,8,10,10
215,GP,F,17.0,U,LE3,T,3,2,other,other,reputation,mother,2,2,0,no,no,yes,no,yes,yes,yes,no,4.0,4.0,4.0,1,3,1.0,2.0,14,15,15
216,GP,F,17.0,U,GT3,T,4,3,other,other,reputation,mother,1,2,2,no,no,yes,no,yes,yes,yes,yes,3.0,4.0,5.0,2,4,1.0,22.0,6,6,4
217,GP,M,18.0,U,LE3,T,3,3,services,health,home,father,1,2,1,no,yes,yes,no,yes,yes,yes,no,3.0,2.0,4.0,2,4,4.0,13.0,6,6,8
218,GP,F,17.0,U,GT3,T,2,3,at_home,other,home,father,2,1,0,no,yes,yes,no,yes,yes,no,no,3.0,3.0,3.0,1,4,3.0,3.0,7,7,8
219,GP,F,17.0,U,GT3,T,2,2,at_home,at_home,course,mother,1,3,0,no,yes,yes,yes,yes,yes,yes,no,4.0,3.0,3.0,1,1,4.0,4.0,9,10,10
220,GP,F,17.0,R,GT3,T,2,1,at_home,services,reputation,mother,2,2,0,no,yes,no,yes,yes,yes,yes,no,4.0,2.0,5.0,1,2,5.0,2.0,6,6,6
221,GP,F,17.0,U,GT3,T,1,1,at_home,other,reputation,mother,1,3,1,no,yes,no,yes,yes,yes,no,yes,4.0,3.0,4.0,1,1,5.0,0.0,6,5,0
222,GP,F,16.0,U,GT3,T,2,3,services,teacher,other,mother,1,2,0,yes,no,no,no,yes,yes,yes,no,2.0,3.0,1.0,1,1,3.0,2.0,16,16,17
223,GP,M,18.0,U,GT3,T,2,2,other,other,home,mother,2,2,0,no,yes,yes,no,yes,yes,yes,no,3.0,3.0,3.0,5,5,4.0,0.0,12,13,13
224,GP,F,16.0,U,GT3,T,4,4,teacher,services,home,mother,1,3,0,no,yes,no,yes,no,yes,yes,no,5.0,3.0,2.0,1,1,5.0,0.0,13,13,14
225,GP,F,18.0,R,GT3,T,3,1,other,other,reputation,mother,1,2,1,no,no,no,yes,yes,yes,yes,yes,5.0,3.0,3.0,1,1,4.0,16.0,9,8,7
226,GP,F,17.0,U,GT3,T,3,2,other,other,course,mother,1,2,0,no,no,no,yes,no,yes,yes,no,5.0,3.0,4.0,1,3,3.0,10.0,16,15,15
227,GP,M,17.0,U,LE3,T,2,3,services,services,reputation,father,1,2,0,no,yes,yes,no,no,yes,yes,no,5.0,3.0,3.0,1,3,3.0,2.0,12,11,12
228,GP,M,18.0,U,LE3,T,2,1,at_home,other,course,mother,4,2,0,yes,yes,yes,yes,yes,yes,yes,yes,4.0,3.0,2.0,4,5,3.0,14.0,10,8,9
229,GP,F,17.0,U,GT3,A,2,1,other,other,course,mother,2,3,0,no,no,no,yes,yes,yes,yes,yes,3.0,2.0,3.0,1,2,3.0,10.0,12,10,12
230,GP,F,17.0,U,LE3,T,4,3,health,other,reputation,father,1,2,0,no,no,no,yes,yes,yes,yes,yes,3.0,2.0,3.0,1,2,3.0,14.0,13,13,14
231,GP,M,17.0,R,GT3,T,2,2,other,other,course,father,2,2,0,no,yes,yes,yes,yes,yes,yes,no,4.0,5.0,2.0,1,1,1.0,4.0,11,11,11
232,GP,M,17.0,U,GT3,T,4,4,teacher,teacher,reputation,mother,1,2,0,yes,yes,no,yes,yes,yes,yes,yes,4.0,5.0,5.0,1,3,2.0,14.0,11,9,9
233,GP,M,16.0,U,GT3,T,4,4,health,other,reputation,father,1,2,0,no,yes,yes,yes,yes,yes,yes,no,4.0,2.0,4.0,2,4,1.0,2.0,14,13,13
234,GP,M,16.0,U,LE3,T,1,1,other,other,home,mother,2,2,0,no,yes,yes,no,yes,yes,yes,no,3.0,4.0,2.0,1,1,5.0,18.0,9,7,6
235,GP,M,16.0,U,GT3,T,3,2,at_home,other,reputation,mother,2,3,0,no,no,no,yes,yes,yes,yes,yes,5.0,3.0,3.0,1,3,2.0,10.0,11,9,10
236,GP,M,17.0,U,LE3,T,2,2,other,other,home,father,1,2,0,no,no,yes,yes,no,yes,yes,yes,4.0,4.0,2.0,5,5,4.0,4.0,14,13,13
237,GP,F,16.0,U,GT3,T,2,1,other,other,home,mother,1,1,0,no,no,no,no,yes,yes,yes,yes,4.0,5.0,2.0,1,1,5.0,20.0,13,12,12
238,GP,F,17.0,R,GT3,T,2,1,at_home,services,course,mother,3,2,0,no,no,no,yes,yes,yes,no,no,2.0,1.0,1.0,1,1,3.0,2.0,13,11,11
239,GP,M,18.0,U,GT3,T,2,2,other,services,reputation,father,1,2,1,no,no,no,no,yes,no,yes,no,5.0,5.0,4.0,3,5,2.0,0.0,7,7,0
240,GP,M,17.0,U,LE3,T,4,3,health,other,course,mother,2,2,0,no,no,no,yes,yes,yes,yes,yes,2.0,5.0,5.0,1,4,5.0,14.0,12,12,12
241,GP,M,17.0,R,LE3,A,4,4,teacher,other,course,mother,2,2,0,no,yes,yes,no,yes,yes,yes,no,3.0,3.0,3.0,2,3,4.0,2.0,10,11,12
242,GP,M,16.0,U,LE3,T,4,3,teacher,other,course,mother,1,1,0,no,no,no,yes,no,yes,yes,no,5.0,4.0,5.0,1,1,3.0,0.0,6,0,0
243,GP,M,16.0,U,GT3,T,4,4,services,services,course,mother,1,1,0,no,no,no,yes,yes,yes,yes,no,5.0,3.0,2.0,1,2,5.0,0.0,13,12,12
244,GP,F,18.0,U,GT3,T,2,1,other,other,course,other,2,3,0,no,yes,yes,no,no,yes,yes,yes,4.0,4.0,4.0,1,1,3.0,0.0,7,0,0
245,GP,M,16.0,U,GT3,T,2,1,other,other,course,mother,3,1,0,no,no,no,no,yes,yes,yes,no,4.0,3.0,3.0,1,1,4.0,6.0,18,18,18
246,GP,M,17.0,U,GT3,T,2,3,other,other,course,father,2,1,0,no,no,no,no,yes,yes,yes,no,5.0,2.0,2.0,1,1,2.0,4.0,12,12,13
247,GP,M,22.0,U,GT3,T,3,1,services,services,other,mother,1,1,3,no,no,no,no,no,no,yes,yes,5.0,4.0,5.0,5,5,1.0,16.0,6,8,8
248,GP,M,18.0,R,LE3,T,3,3,other,services,course,mother,1,2,1,no,yes,no,no,yes,yes,yes,yes,4.0,3.0,3.0,1,3,5.0,8.0,3,5,5
249,GP,M,16.0,U,GT3,T,0,2,other,other,other,mother,1,1,0,no,no,yes,no,no,yes,yes,no,4.0,3.0,2.0,2,4,5.0,0.0,13,15,15
250,GP,M,18.0,U,GT3,T,3,2,services,other,course,mother,2,1,1,no,no,no,no,yes,no,yes,no,4.0,4.0,5.0,2,4,5.0,0.0,6,8,8
251,GP,M,16.0,U,GT3,T,3,3,at_home,other,reputation,other,3,2,0,yes,yes,no,no,no,yes,yes,no,5.0,3.0,3.0,1,3,2.0,6.0,7,10,10
252,GP,M,18.0,U,GT3,T,2,1,services,services,other,mother,1,1,1,no,no,no,no,no,no,yes,no,3.0,2.0,5.0,2,5,5.0,4.0,6,9,8
253,GP,M,16.0,R,GT3,T,2,1,other,other,course,mother,2,1,0,no,no,no,yes,no,yes,no,no,3.0,3.0,2.0,1,3,3.0,0.0,8,9,8
254,GP,M,17.0,R,GT3,T,2,1,other,other,course,mother,1,1,0,no,no,no,no,no,yes,yes,no,4.0,4.0,2.0,2,4,5.0,0.0,8,12,12
255,GP,M,17.0,U,LE3,T,1,1,health,other,course,mother,2,1,1,no,yes,no,yes,yes,yes,yes,no,4.0,4.0,4.0,1,2,5.0,2.0,7,9,8
256,GP,F,17.0,U,LE3,T,4,2,teacher,services,reputation,mother,1,4,0,no,yes,yes,yes,yes,yes,yes,no,4.0,2.0,3.0,1,1,4.0,6.0,14,12,13
257,GP,M,19.0,U,LE3,A,4,3,services,at_home,reputation,mother,1,2,0,no,yes,no,no,yes,yes,yes,no,4.0,,1.0,1,1,1.0,12.0,11,11,11
258,GP,M,18.0,U,GT3,T,2,1,other,other,home,mother,1,2,0,no,no,no,yes,yes,yes,yes,no,5.0,2.0,4.0,1,2,4.0,8.0,15,14,14
259,GP,F,17.0,U,LE3,T,2,2,services,services,course,father,1,4,0,no,no,yes,yes,yes,yes,yes,yes,3.0,4.0,1.0,1,1,2.0,0.0,10,9,0
260,GP,F,18.0,U,GT3,T,4,3,services,other,home,father,1,2,0,no,yes,yes,no,yes,yes,yes,yes,3.0,1.0,2.0,1,3,2.0,21.0,17,18,18
261,GP,M,18.0,U,GT3,T,4,3,teacher,other,course,mother,1,2,0,no,yes,yes,no,no,yes,yes,no,4.0,3.0,2.0,1,1,3.0,2.0,8,8,8
262,GP,M,18.0,R,GT3,T,3,2,other,other,course,mother,1,3,0,no,no,no,yes,no,yes,no,no,5.0,3.0,2.0,1,1,3.0,1.0,13,12,12
263,GP,F,17.0,U,GT3,T,3,3,other,other,home,mother,1,3,0,no,no,no,yes,no,yes,no,no,3.0,2.0,3.0,1,1,4.0,4.0,10,9,9
264,GP,F,18.0,U,GT3,T,2,2,at_home,services,home,mother,1,3,0,no,yes,yes,yes,yes,yes,yes,yes,4.0,3.0,3.0,1,1,3.0,0.0,9,10,0
265,GP,M,18.0,R,LE3,A,3,4,other,other,reputation,mother,2,2,0,no,yes,yes,yes,yes,yes,yes,no,4.0,2.0,5.0,3,4,1.0,13.0,17,17,17
266,GP,M,17.0,U,GT3,T,3,1,services,other,other,mother,1,2,0,no,no,yes,yes,yes,yes,yes,yes,5.0,4.0,4.0,3,4,5.0,2.0,9,9,10
267,GP,F,18.0,R,GT3,T,4,4,teacher,other,reputation,mother,2,2,0,no,no,yes,yes,yes,yes,yes,no,4.0,3.0,4.0,2,2,4.0,8.0,12,10,11
268,GP,M,18.0,U,GT3,T,4,2,health,other,reputation,father,1,2,0,no,yes,yes,yes,yes,yes,yes,yes,5.0,4.0,5.0,1,3,5.0,10.0,10,9,10
269,GP,F,18.0,R,GT3,T,2,1,other,other,reputation,mother,2,2,0,no,yes,no,no,yes,no,yes,yes,4.0,3.0,5.0,1,2,3.0,0.0,6,0,0
270,GP,F,,U,GT3,T,3,3,other,services,home,other,1,2,2,no,yes,yes,yes,yes,yes,yes,no,4.0,3.0,5.0,3,3,5.0,15.0,9,9,9
271,GP,F,18.0,U,GT3,T,2,3,other,services,reputation,father,1,4,0,no,yes,yes,yes,yes,yes,yes,yes,4.0,5.0,5.0,1,3,2.0,4.0,15,14,14
272,GP,F,18.0,U,LE3,T,1,1,other,other,home,mother,2,2,0,no,yes,yes,no,no,yes,no,no,4.0,4.0,3.0,1,1,3.0,2.0,11,11,11
273,GP,M,17.0,R,GT3,T,1,2,at_home,at_home,home,mother,1,2,0,no,yes,yes,yes,no,yes,no,yes,3.0,5.0,2.0,2,2,1.0,2.0,15,14,14
274,GP,F,17.0,U,GT3,T,2,4,at_home,health,reputation,mother,2,2,0,no,yes,yes,no,yes,yes,yes,yes,4.0,3.0,3.0,1,1,1.0,2.0,10,10,10
275,GP,F,17.0,U,LE3,T,2,2,services,other,course,mother,2,2,0,yes,yes,yes,no,yes,yes,yes,yes,4.0,4.0,4.0,2,3,5.0,6.0,12,12,12
276,GP,F,,,GT3,A,3,2,other,services,home,mother,2,2,0,no,no,no,no,no,no,yes,yes,,,,1,1,,,10,9,9
277,GP,M,18.0,U,GT3,T,4,4,teacher,services,home,mother,2,1,0,no,no,yes,yes,yes,yes,yes,no,3.0,2.0,4.0,1,4,3.0,22.0,9,9,9
278,GP,F,18.0,U,GT3,T,4,4,health,health,reputation,father,1,2,1,yes,yes,no,yes,yes,yes,yes,yes,2.0,4.0,4.0,1,1,4.0,15.0,9,8,8
279,GP,M,18.0,U,LE3,T,4,3,teacher,services,course,mother,2,1,0,no,no,yes,yes,yes,yes,yes,no,4.0,2.0,3.0,1,2,1.0,8.0,10,11,10
280,GP,M,17.0,U,LE3,A,4,1,services,other,home,mother,2,1,0,no,no,yes,yes,yes,yes,yes,yes,4.0,5.0,4.0,2,4,5.0,30.0,8,8,8
281,GP,M,17.0,U,LE3,A,3,2,teacher,services,home,mother,1,1,1,no,no,no,no,yes,yes,yes,no,4.0,4.0,4.0,3,4,3.0,19.0,11,9,10
282,GP,F,18.0,R,LE3,T,1,1,at_home,other,reputation,mother,2,4,0,no,yes,yes,yes,yes,yes,no,no,5.0,2.0,2.0,1,1,3.0,1.0,12,12,12
283,GP,F,18.0,U,GT3,T,1,1,other,other,home,mother,2,2,0,yes,no,no,yes,yes,yes,yes,no,5.0,4.0,4.0,1,1,4.0,4.0,8,9,10
284,GP,F,17.0,U,GT3,T,2,2,other,other,course,mother,1,2,0,no,yes,no,no,no,yes,yes,no,5.0,4.0,5.0,1,2,5.0,4.0,10,9,11
285,GP,M,17.0,U,GT3,T,1,1,other,other,reputation,father,1,2,0,no,no,yes,no,no,yes,yes,no,4.0,3.0,3.0,1,2,4.0,2.0,12,10,11
286,GP,F,18.0,U,GT3,T,2,2,at_home,at_home,other,mother,1,3,0,no,yes,yes,no,yes,yes,yes,no,4.0,3.0,3.0,1,2,2.0,5.0,18,18,19
287,GP,F,17.0,U,GT3,T,1,1,services,teacher,reputation,mother,1,3,0,no,yes,yes,no,yes,yes,yes,no,4.0,3.0,3.0,1,1,3.0,6.0,13,12,12
288,GP,M,18.0,U,GT3,T,2,1,services,services,reputation,mother,1,3,0,no,no,yes,yes,yes,yes,yes,no,4.0,2.0,4.0,1,3,2.0,6.0,15,14,14
289,GP,M,18.0,U,LE3,A,4,4,teacher,teacher,reputation,mother,1,2,0,no,yes,yes,yes,yes,yes,yes,no,5.0,4.0,3.0,1,1,2.0,9.0,15,13,15
290,GP,M,18.0,U,GT3,T,4,2,teacher,other,home,mother,1,2,0,no,yes,yes,yes,yes,yes,yes,yes,4.0,3.0,2.0,1,4,5.0,11.0,12,11,11
291,GP,F,17.0,U,GT3,T,4,3,health,services,reputation,mother,1,3,0,no,yes,yes,no,yes,yes,yes,no,4.0,2.0,2.0,1,2,3.0,0.0,15,15,15
292,GP,F,18.0,U,LE3,T,2,1,services,at_home,reputation,mother,1,2,1,no,no,no,no,yes,yes,yes,yes,5.0,4.0,3.0,1,1,5.0,12.0,12,12,13
293,GP,F,,,LE3,T,3,1,services,other,reputation,mother,2,4,0,no,yes,yes,no,yes,yes,no,no,,,,1,1,,,18,18,18
294,GP,M,18.0,R,LE3,T,3,2,services,other,reputation,mother,2,3,0,no,yes,yes,yes,yes,yes,yes,no,5.0,4.0,2.0,1,1,4.0,8.0,14,13,14
295,GP,M,17.0,U,GT3,T,3,3,health,other,home,mother,1,1,0,no,yes,yes,no,yes,yes,yes,no,4.0,4.0,3.0,1,3,5.0,4.0,14,12,11
296,GP,F,19.0,U,GT3,T,4,4,health,other,reputation,other,2,2,0,no,yes,yes,yes,yes,yes,yes,no,2.0,3.0,4.0,2,3,2.0,0.0,10,9,0
297,GP,F,18.0,U,LE3,T,4,3,other,other,home,other,2,2,0,no,yes,yes,no,yes,yes,yes,yes,4.0,4.0,5.0,1,2,2.0,10.0,10,8,8
298,GP,F,18.0,U,GT3,T,4,3,other,other,reputation,father,1,4,0,no,yes,yes,no,yes,yes,yes,no,4.0,3.0,3.0,1,1,3.0,0.0,14,13,14
299,GP,M,18.0,U,LE3,T,4,4,teacher,teacher,home,mother,1,1,0,no,yes,yes,no,yes,yes,yes,yes,1.0,4.0,2.0,2,2,1.0,5.0,16,15,16
300,GP,F,18.0,U,LE3,A,4,4,health,other,home,mother,1,2,0,no,yes,no,no,yes,yes,yes,yes,4.0,2.0,4.0,1,1,4.0,14.0,12,10,11
301,GP,M,17.0,U,LE3,T,4,4,other,teacher,home,father,2,1,0,no,no,yes,no,yes,yes,yes,no,4.0,1.0,1.0,2,2,5.0,0.0,11,11,10
302,GP,F,17.0,U,GT3,T,4,2,other,other,reputation,mother,2,3,0,no,yes,yes,no,yes,yes,yes,no,4.0,3.0,3.0,1,1,3.0,0.0,15,12,14
303,GP,F,17.0,U,GT3,T,3,2,health,health,reputation,father,1,4,0,no,yes,yes,yes,no,yes,yes,no,5.0,2.0,2.0,1,2,5.0,0.0,17,17,18
304,GP,M,19.0,U,GT3,T,3,3,other,other,home,other,1,2,1,no,yes,no,yes,yes,yes,yes,yes,4.0,4.0,4.0,1,1,3.0,20.0,15,14,13
305,GP,F,18.0,U,GT3,T,2,4,services,at_home,reputation,other,1,2,1,no,yes,yes,yes,yes,yes,yes,no,4.0,4.0,3.0,1,1,3.0,8.0,14,12,12
306,GP,M,20.0,U,GT3,A,3,2,services,other,course,other,1,1,0,no,no,no,yes,yes,yes,no,no,5.0,5.0,3.0,1,1,5.0,0.0,17,18,18
307,GP,M,19.0,U,GT3,T,4,4,teacher,services,reputation,other,2,1,1,no,yes,yes,no,yes,yes,yes,yes,4.0,3.0,4.0,1,1,4.0,38.0,8,9,8
308,GP,M,19.0,R,GT3,T,3,3,other,services,reputation,father,1,2,1,no,no,no,yes,yes,yes,no,yes,4.0,,3.0,1,2,5.0,0.0,15,12,12
309,GP,F,19.0,U,LE3,T,1,1,at_home,other,reputation,other,1,2,1,yes,yes,no,yes,no,yes,yes,no,4.0,4.0,3.0,1,3,3.0,18.0,12,10,10
310,GP,F,19.0,U,LE3,T,1,2,services,services,home,other,1,2,1,no,no,no,yes,no,yes,no,yes,4.0,2.0,4.0,2,2,3.0,0.0,9,9,0
311,GP,F,19.0,U,GT3,T,2,1,at_home,other,other,other,3,2,0,no,yes,no,no,yes,no,yes,yes,3.0,4.0,1.0,1,1,2.0,20.0,14,12,13
312,GP,M,19.0,U,GT3,T,1,2,other,services,course,other,1,2,1,no,no,no,no,no,yes,yes,no,4.0,5.0,2.0,2,2,4.0,3.0,13,11,11
313,GP,F,19.0,U,LE3,T,3,2,services,other,reputation,other,2,2,1,no,yes,yes,no,no,yes,yes,yes,4.0,2.0,2.0,1,2,1.0,22.0,13,10,11
314,GP,F,19.0,U,GT3,T,1,1,at_home,health,home,other,1,3,2,no,no,no,no,no,yes,yes,yes,4.0,1.0,2.0,1,1,3.0,14.0,15,13,13
315,GP,F,19.0,R,GT3,T,2,3,other,other,reputation,other,1,3,1,no,no,no,no,yes,yes,yes,yes,4.0,1.0,2.0,1,1,3.0,40.0,13,11,11
316,GP,F,18.0,U,GT3,T,2,1,services,other,course,mother,2,2,0,no,yes,yes,yes,yes,yes,yes,no,5.0,3.0,3.0,1,2,1.0,0.0,8,8,0
317,GP,F,18.0,U,GT3,T,4,3,other,other,course,mother,1,3,0,no,yes,yes,yes,yes,yes,yes,yes,4.0,3.0,4.0,1,1,5.0,9.0,9,10,9
318,GP,F,17.0,R,GT3,T,3,4,at_home,services,course,father,1,3,0,no,yes,yes,yes,no,yes,yes,no,4.0,3.0,4.0,2,5,5.0,0.0,11,11,10
319,GP,F,18.0,U,GT3,T,4,4,teacher,other,course,mother,1,2,0,no,yes,yes,no,yes,yes,yes,no,4.0,4.0,4.0,3,3,5.0,2.0,11,11,11
320,GP,F,17.0,U,GT3,A,4,3,services,services,course,mother,1,2,0,no,yes,yes,no,yes,yes,yes,yes,5.0,2.0,2.0,1,2,5.0,23.0,13,13,13
321,GP,F,17.0,U,GT3,T,2,2,other,other,course,mother,1,2,0,no,yes,no,no,yes,yes,no,yes,4.0,2.0,2.0,1,1,3.0,12.0,11,9,9
322,GP,F,17.0,R,LE3,T,2,2,services,services,course,mother,1,3,0,no,yes,yes,yes,yes,yes,yes,no,3.0,3.0,2.0,2,2,3.0,3.0,11,11,11
323,GP,F,17.0,U,GT3,T,3,1,services,services,course,father,1,3,0,no,yes,no,no,no,yes,yes,no,3.0,4.0,3.0,2,3,5.0,1.0,12,14,15
324,GP,F,17.0,U,LE3,T,0,2,at_home,at_home,home,father,2,3,0,no,no,no,no,yes,yes,yes,no,3.0,3.0,3.0,2,3,2.0,0.0,16,15,15
325,GP,M,18.0,U,GT3,T,4,4,other,other,course,mother,1,3,0,no,no,no,yes,yes,yes,yes,no,4.0,3.0,3.0,2,2,3.0,3.0,9,12,11
326,GP,M,17.0,U,GT3,T,3,3,other,services,reputation,mother,1,1,0,no,no,no,yes,no,yes,yes,no,4.0,3.0,5.0,3,5,5.0,3.0,14,15,16
327,GP,M,17.0,R,GT3,T,2,2,services,other,course,mother,4,1,0,no,yes,no,no,yes,yes,yes,no,4.0,4.0,5.0,5,5,4.0,8.0,11,10,10
328,GP,F,17.0,U,GT3,T,4,4,teacher,services,course,mother,1,3,0,no,yes,yes,yes,yes,yes,yes,no,5.0,4.0,4.0,1,3,4.0,7.0,10,9,9
329,GP,F,17.0,U,GT3,T,4,4,teacher,teacher,course,mother,2,3,0,no,yes,yes,no,no,yes,yes,yes,4.0,3.0,3.0,1,2,4.0,4.0,14,14,14
330,GP,M,18.0,U,LE3,T,2,2,other,other,course,mother,1,4,0,no,yes,no,yes,yes,yes,yes,no,4.0,,5.0,2,4,5.0,2.0,9,8,8
331,GP,F,17.0,R,GT3,T,2,4,at_home,other,course,father,1,3,0,no,yes,no,no,yes,yes,yes,yes,4.0,4.0,3.0,1,1,5.0,7.0,12,14,14
332,GP,F,18.0,U,GT3,T,3,3,services,services,home,mother,1,2,0,no,no,no,yes,yes,yes,yes,no,5.0,3.0,4.0,1,1,4.0,0.0,7,0,0
333,GP,F,18.0,U,LE3,T,2,2,other,other,home,other,1,2,0,no,no,no,yes,no,yes,yes,yes,4.0,3.0,3.0,1,1,2.0,0.0,8,8,0
334,GP,F,18.0,R,GT3,T,2,2,at_home,other,course,mother,2,4,0,no,no,no,yes,yes,yes,no,no,4.0,4.0,4.0,1,1,4.0,0.0,10,9,0
335,GP,F,17.0,U,GT3,T,3,4,services,other,course,mother,1,3,0,no,no,no,no,yes,yes,yes,no,4.0,4.0,5.0,1,3,5.0,16.0,16,15,15
336,GP,F,19.0,R,GT3,A,3,1,services,at_home,home,other,1,3,1,no,no,yes,no,yes,yes,no,no,5.0,4.0,3.0,1,2,5.0,12.0,14,13,13
337,GP,F,17.0,U,GT3,T,3,2,other,other,home,mother,1,2,0,no,yes,yes,no,yes,yes,yes,yes,4.0,3.0,2.0,2,3,2.0,0.0,7,8,0
338,GP,F,18.0,U,LE3,T,3,3,services,services,home,mother,1,4,0,no,yes,no,no,yes,yes,yes,no,5.0,3.0,3.0,1,1,1.0,7.0,16,15,17
339,GP,F,17.0,R,GT3,A,3,2,other,other,home,mother,1,2,0,no,yes,yes,no,yes,yes,yes,no,4.0,3.0,3.0,2,3,2.0,4.0,9,10,10
340,GP,F,19.0,U,GT3,T,2,1,services,services,home,other,1,3,1,no,no,yes,yes,yes,yes,yes,yes,4.0,3.0,4.0,1,3,3.0,4.0,11,12,11
341,GP,M,18.0,U,GT3,T,4,4,teacher,services,home,father,1,2,1,no,yes,no,yes,yes,yes,yes,no,4.0,3.0,3.0,2,2,2.0,0.0,10,10,0
342,GP,M,18.0,U,LE3,T,3,4,services,other,home,mother,1,2,0,no,no,no,yes,yes,yes,yes,yes,4.0,3.0,3.0,1,3,5.0,11.0,16,15,15
343,GP,F,17.0,U,GT3,A,2,2,at_home,at_home,home,father,1,2,1,no,yes,no,no,yes,yes,yes,yes,3.0,,1.0,1,2,4.0,0.0,9,8,0
344,GP,F,18.0,U,GT3,T,2,3,at_home,other,course,mother,1,3,0,no,yes,no,no,yes,yes,yes,no,4.0,3.0,3.0,1,2,3.0,4.0,11,10,10
345,GP,F,18.0,U,GT3,T,3,2,other,services,other,mother,1,3,0,no,no,no,no,yes,yes,yes,yes,5.0,4.0,3.0,2,3,1.0,7.0,13,13,14
346,GP,M,18.0,R,GT3,T,4,3,teacher,services,course,mother,1,3,0,no,no,no,no,yes,yes,yes,yes,5.0,3.0,2.0,1,2,4.0,9.0,16,15,16
347,GP,M,18.0,U,GT3,T,4,3,teacher,other,course,mother,1,3,0,no,yes,yes,no,yes,yes,yes,yes,5.0,4.0,5.0,2,3,5.0,0.0,10,10,9
348,GP,F,,U,GT3,T,4,3,health,other,reputation,mother,1,3,0,no,yes,yes,yes,yes,yes,yes,yes,4.0,4.0,3.0,1,3,4.0,0.0,13,15,15
349,MS,M,18.0,R,GT3,T,3,2,other,other,course,mother,2,1,1,no,yes,no,no,no,yes,yes,no,2.0,5.0,5.0,5,5,5.0,10.0,11,13,13
350,MS,M,19.0,R,GT3,T,1,1,other,services,home,other,3,2,3,no,no,no,no,yes,yes,yes,no,5.0,4.0,4.0,3,3,2.0,8.0,8,7,8
351,MS,M,17.0,U,GT3,T,3,3,health,other,course,mother,2,2,0,no,yes,yes,no,yes,yes,yes,no,4.0,5.0,4.0,2,3,3.0,2.0,13,13,13
352,MS,M,18.0,U,LE3,T,1,3,at_home,services,course,mother,1,1,1,no,no,no,no,yes,no,yes,yes,4.0,3.0,3.0,2,3,3.0,7.0,8,7,8
353,MS,M,19.0,R,GT3,T,1,1,other,other,home,other,3,1,1,no,yes,no,no,yes,yes,yes,no,4.0,4.0,4.0,3,3,5.0,4.0,8,8,8
354,MS,M,17.0,R,GT3,T,4,3,services,other,home,mother,2,2,0,no,yes,yes,yes,no,yes,yes,yes,4.0,5.0,5.0,1,3,2.0,4.0,13,11,11
355,MS,F,18.0,U,GT3,T,3,3,services,services,course,father,1,2,0,no,yes,no,no,yes,yes,no,yes,5.0,3.0,4.0,1,1,5.0,0.0,10,9,9
356,MS,F,17.0,R,GT3,T,4,4,teacher,services,other,father,2,2,0,no,yes,yes,yes,yes,yes,yes,no,4.0,3.0,3.0,1,2,5.0,4.0,12,13,13
357,MS,F,17.0,U,LE3,A,3,2,services,other,reputation,mother,2,2,0,no,no,no,no,yes,yes,no,yes,1.0,2.0,3.0,1,2,5.0,2.0,12,12,11
358,MS,M,18.0,U,LE3,T,1,1,other,services,home,father,2,1,0,no,no,no,no,no,yes,yes,yes,3.0,3.0,2.0,1,2,3.0,4.0,10,10,10
359,MS,F,18.0,U,LE3,T,1,1,at_home,services,course,father,2,3,0,no,no,no,no,yes,yes,yes,no,5.0,,2.0,1,1,4.0,0.0,18,16,16
360,MS,F,18.0,R,LE3,A,1,4,at_home,other,course,mother,3,2,0,no,no,no,no,yes,yes,no,yes,4.0,3.0,4.0,1,4,5.0,0.0,13,13,13
361,MS,M,18.0,R,LE3,T,1,1,at_home,other,other,mother,2,2,1,no,no,no,yes,no,no,no,no,4.0,4.0,3.0,2,3,5.0,2.0,13,12,12
362,MS,F,18.0,U,GT3,T,3,3,services,services,other,mother,2,2,0,no,yes,no,no,yes,yes,yes,yes,4.0,3.0,2.0,1,3,3.0,0.0,11,11,10
363,MS,F,17.0,U,LE3,T,4,4,at_home,at_home,course,mother,1,2,0,no,yes,yes,yes,yes,yes,yes,yes,2.0,3.0,4.0,1,1,1.0,0.0,16,15,15
364,MS,F,17.0,R,GT3,T,1,2,other,services,course,father,2,2,0,no,no,no,no,no,yes,no,no,3.0,2.0,2.0,1,2,3.0,0.0,12,11,12
365,MS,M,18.0,R,GT3,T,1,3,at_home,other,course,mother,2,2,0,no,yes,yes,no,yes,yes,no,no,3.0,3.0,4.0,2,4,3.0,4.0,10,10,10
366,MS,M,18.0,U,LE3,T,4,4,teacher,services,other,mother,2,3,0,no,no,yes,no,yes,yes,yes,yes,4.0,2.0,2.0,2,2,5.0,0.0,13,13,13
367,MS,F,17.0,R,GT3,T,1,1,other,services,reputation,mother,3,1,1,no,yes,yes,no,yes,yes,yes,yes,5.0,2.0,1.0,1,2,1.0,0.0,7,6,0
368,MS,F,18.0,U,GT3,T,2,3,at_home,services,course,father,2,1,0,no,yes,yes,no,yes,yes,yes,yes,5.0,2.0,3.0,1,2,4.0,0.0,11,10,10
369,MS,F,18.0,R,GT3,T,4,4,other,teacher,other,father,3,2,0,no,yes,yes,no,no,yes,yes,yes,3.0,2.0,2.0,4,2,5.0,10.0,14,12,11
370,MS,F,19.0,U,LE3,T,3,2,services,services,home,other,2,2,2,no,no,no,yes,yes,yes,no,yes,3.0,2.0,2.0,1,1,3.0,4.0,7,7,9
371,MS,M,18.0,R,LE3,T,1,2,at_home,services,other,father,3,1,0,no,yes,yes,yes,yes,no,yes,yes,4.0,3.0,3.0,2,3,3.0,3.0,14,12,12
372,MS,F,17.0,U,GT3,T,2,2,other,at_home,home,mother,1,3,0,no,no,no,yes,yes,yes,no,yes,3.0,,3.0,1,1,3.0,8.0,13,11,11
373,MS,F,17.0,R,GT3,T,1,2,other,other,course,mother,1,1,0,no,no,no,yes,yes,yes,yes,no,3.0,5.0,5.0,1,3,1.0,14.0,6,5,5
374,MS,F,18.0,R,LE3,T,4,4,other,other,reputation,mother,2,3,0,no,no,no,no,yes,yes,yes,no,5.0,4.0,4.0,1,1,1.0,0.0,19,18,19
375,MS,F,18.0,R,GT3,T,1,1,other,other,home,mother,4,3,0,no,no,no,no,yes,yes,yes,no,4.0,3.0,2.0,1,2,4.0,2.0,8,8,10
376,MS,F,20.0,U,GT3,T,4,2,health,other,course,other,2,3,2,no,yes,yes,no,no,yes,yes,yes,5.0,4.0,3.0,1,1,3.0,4.0,15,14,15
377,MS,F,18.0,R,LE3,T,4,4,teacher,services,course,mother,1,2,0,no,no,yes,yes,yes,yes,yes,no,5.0,4.0,3.0,3,4,2.0,4.0,8,9,10
378,MS,F,18.0,U,GT3,T,3,3,other,other,home,mother,1,2,0,no,no,yes,no,yes,yes,yes,yes,4.0,1.0,3.0,1,2,1.0,0.0,15,15,15
379,MS,F,17.0,R,GT3,T,3,1,at_home,other,reputation,mother,1,2,0,no,yes,yes,yes,no,yes,yes,no,4.0,5.0,4.0,2,3,1.0,17.0,10,10,10
380,MS,M,18.0,U,GT3,T,4,4,teacher,teacher,home,father,1,2,0,no,no,yes,yes,no,yes,yes,no,3.0,2.0,4.0,1,4,2.0,4.0,15,14,14
381,MS,M,18.0,R,GT3,T,2,1,other,other,other,mother,2,1,0,no,no,no,yes,no,yes,yes,yes,4.0,4.0,3.0,1,3,5.0,5.0,7,6,7
382,MS,M,17.0,U,GT3,T,2,3,other,services,home,father,2,2,0,no,no,no,yes,yes,yes,yes,no,4.0,4.0,3.0,1,1,3.0,2.0,11,11,10
383,MS,M,19.0,R,GT3,T,1,1,other,services,other,mother,2,1,1,no,no,no,no,yes,yes,no,no,4.0,3.0,2.0,1,3,5.0,0.0,6,5,0
384,MS,M,18.0,R,GT3,T,4,2,other,other,home,father,2,1,1,no,no,yes,no,yes,yes,no,no,5.0,4.0,3.0,4,3,3.0,14.0,6,5,5
385,MS,F,,,GT3,T,2,2,at_home,other,other,mother,2,3,0,no,no,yes,no,yes,yes,no,no,,,,1,3,,,10,9,10
386,MS,F,18.0,R,GT3,T,4,4,teacher,at_home,reputation,mother,3,1,0,no,yes,yes,yes,yes,yes,yes,yes,4.0,4.0,3.0,2,2,5.0,7.0,6,5,6
387,MS,F,19.0,R,GT3,T,2,3,services,other,course,mother,1,3,1,no,no,no,yes,no,yes,yes,no,5.0,4.0,2.0,1,2,5.0,0.0,7,5,0
388,MS,F,18.0,U,LE3,T,3,1,teacher,services,course,mother,1,2,0,no,yes,yes,no,yes,yes,yes,no,4.0,3.0,4.0,1,1,1.0,0.0,7,9,8
389,MS,F,18.0,U,GT3,T,1,1,other,other,course,mother,2,2,1,no,no,no,yes,yes,yes,no,no,1.0,1.0,1.0,1,1,5.0,0.0,6,5,0
390,MS,M,20.0,U,LE3,A,2,2,services,services,course,other,1,2,2,no,yes,yes,no,yes,yes,no,no,5.0,5.0,4.0,4,5,4.0,11.0,9,9,9
391,MS,M,17.0,U,LE3,T,3,1,services,services,course,mother,2,1,0,no,no,no,no,no,yes,yes,no,2.0,4.0,5.0,3,4,2.0,3.0,14,16,16
392,MS,M,21.0,R,GT3,T,1,1,other,other,course,other,1,1,3,no,no,no,no,no,yes,no,no,5.0,5.0,3.0,3,3,3.0,3.0,10,8,7
393,MS,M,18.0,R,LE3,T,3,2,services,other,course,mother,3,1,0,no,no,no,no,no,yes,yes,no,4.0,4.0,1.0,3,4,5.0,0.0,11,12,10
394,MS,M,19.0,U,LE3,T,1,1,other,at_home,course,father,1,1,0,no,no,no,no,yes,yes,yes,no,3.0,2.0,3.0,3,3,5.0,5.0,8,9,9
